000,1,1.25,2.8,2.05,0.34,-0.36
000,2,1.36,2.85,2.02,0.35,-0.35
000,3,1.38,2.84,2.01,0.33,-0.35
000,4,1.39,2.81,1.98,0.31,-0.34
000,5,1.4,2.79,1.87,0.32,-0.34
000,6,1.43,2.73,1.84,0.28,-0.34
000,7,1.53,2.78,1.82,0.25,-0.35
000,8,1.52,2.77,1.83,0.23,-0.34
000,9,1.64,2.76,1.88,0.22,-0.35
000,10,1.59,2.8,1.81,0.24,-0.35
000,11,1.54,2.89,1.72,0.26,-0.34
000,12,1.36,2.98,1.79,0.27,-0.34
000,13,1.37,3.03,1.92,0.32,-0.34
000,14,1.63,3.0,2.06,0.34,-0.33
000,15,1.66,2.99,2.02,0.35,-0.33
000,16,1.85,2.99,1.97,0.33,-0.33
000,17,1.73,2.99,1.96,0.32,-0.33
000,18,1.74,3.0,1.96,0.33,-0.33
000,19,1.74,3.0,1.94,0.33,-0.33
000,20,1.77,2.97,1.97,0.3,-0.34
000,21,1.73,2.99,1.9,0.3,-0.34
000,22,1.71,2.8,1.81,0.29,-0.34
000,23,1.45,2.4,1.66,0.26,-0.33
000,24,1.35,2.06,1.52,0.21,-0.34
000,25,1.23,1.67,1.46,0.3,-0.34
000,26,1.15,1.48,1.22,0.31,-0.36
000,27,1.39,1.7,1.43,0.37,-0.37
000,28,1.4,1.4,1.3,0.35,-0.38
000,29,1.76,1.74,1.56,0.36,-0.33
000,30,1.63,1.79,1.6,0.38,-0.35
000,31,1.67,1.79,1.66,0.4,-0.35
000,32,1.4,1.56,1.34,0.36,-0.36
000,33,1.32,1.41,1.15,0.33,-0.36
000,34,1.12,1.8,0.94,0.3,-0.34
000,35,0.96,1.8,1.1,0.31,-0.34
000,36,1.05,1.79,1.23,0.25,-0.36
000,37,1.11,2.28,1.43,0.2,-0.35
000,38,1.24,2.69,1.4,0.22,-0.33
000,39,1.54,2.83,1.54,0.25,-0.34
000,40,1.55,2.96,1.71,0.24,-0.34
000,41,1.63,3.01,1.8,0.24,-0.34
000,42,1.54,3.04,1.82,0.25,-0.34
000,43,1.59,3.04,1.9,0.27,-0.34
000,44,1.58,3.02,1.9,0.29,-0.35
000,45,1.61,3.02,1.88,0.3,-0.35
000,46,1.65,3.03,1.88,0.29,-0.35
000,47,1.59,3.06,1.79,0.29,-0.35
000,48,1.57,3.07,1.77,0.27,-0.36
000,49,1.57,2.74,1.79,0.25,-0.36
000,50,1.56,2.21,1.7,0.21,-0.36
000,51,1.56,2.06,1.61,0.21,-0.33
000,52,1.3,1.75,1.49,0.26,-0.34
000,53,1.3,1.54,1.32,0.3,-0.35
000,54,1.34,1.71,1.55,0.4,-0.37
000,55,1.35,1.44,1.51,0.4,-0.39
000,56,1.63,1.59,1.5,0.39,-0.37
000,57,1.76,1.87,1.59,0.38,-0.34
000,58,1.7,1.77,1.57,0.41,-0.35
000,59,1.57,1.59,1.48,0.38,-0.35
000,60,1.33,1.54,0.98,0.33,-0.34
000,61,1.31,1.93,1.01,0.25,-0.31
000,62,1.2,1.93,1.15,0.27,-0.33
000,63,1.27,1.92,1.33,0.26,-0.35
000,64,1.21,2.26,1.34,0.21,-0.35
000,65,1.2,2.61,1.46,0.24,-0.33
000,66,1.23,2.74,1.58,0.24,-0.33
000,67,1.47,2.84,1.78,0.27,-0.36
000,68,1.49,3.04,1.8,0.26,-0.34
000,69,1.49,3.06,1.85,0.28,-0.35
000,70,1.51,3.05,1.77,0.28,-0.34
000,71,1.52,3.04,1.82,0.29,-0.34
000,72,1.52,3.05,1.84,0.31,-0.35
000,73,1.5,3.03,1.84,0.31,-0.35
000,74,1.5,3.04,1.84,0.32,-0.35
000,75,1.5,3.04,1.85,0.31,-0.35
000,76,1.31,3.07,1.78,0.31,-0.34
000,77,1.34,2.99,1.76,0.29,-0.35
000,78,1.43,2.66,1.47,0.26,-0.34
000,79,1.45,2.35,1.4,0.19,-0.33
000,80,1.23,1.89,1.44,0.24,-0.33
000,81,1.46,1.75,1.6,0.31,-0.34
000,82,1.42,1.47,1.48,0.37,-0.35
000,83,1.46,1.41,1.54,0.38,-0.37
000,84,1.55,1.31,1.45,0.36,-0.38
000,85,1.58,1.45,1.4,0.38,-0.37
000,86,1.55,1.55,1.44,0.4,-0.37
000,87,1.47,1.7,1.43,0.41,-0.36
000,88,1.43,1.49,1.35,0.38,-0.37
000,89,1.2,1.52,0.96,0.34,-0.36
000,90,1.24,1.84,1.03,0.3,-0.34
000,91,1.23,2.0,1.18,0.28,-0.34
000,92,1.23,1.98,1.37,0.3,-0.35
000,93,1.35,2.23,1.52,0.26,-0.36
000,94,1.38,2.64,1.53,0.26,-0.33
000,95,1.48,2.83,1.61,0.27,-0.33
000,96,1.52,2.97,1.76,0.29,-0.34
000,97,1.53,3.06,1.79,0.24,-0.33
000,98,1.48,3.02,1.92,0.27,-0.35
000,99,1.51,3.04,1.85,0.27,-0.34
000,100,1.56,3.07,1.82,0.28,-0.34
000,101,1.58,3.06,1.8,0.24,-0.32
000,102,1.66,3.04,1.71,0.24,-0.31
000,103,1.71,2.97,1.78,0.25,-0.32
000,104,1.68,2.97,1.69,0.26,-0.32
000,105,1.69,2.95,1.71,0.29,-0.33
000,106,1.68,2.91,1.63,0.27,-0.34
000,107,1.66,2.63,1.63,0.21,-0.34
000,108,1.67,2.57,1.5,0.23,-0.31
000,109,1.6,2.43,1.29,0.21,-0.31
000,110,1.52,2.0,1.2,0.25,-0.34
000,111,1.43,1.38,1.56,0.37,-0.39
000,112,1.28,1.21,1.38,0.37,-0.39
000,113,1.37,1.36,1.35,0.36,-0.4
000,114,1.23,1.28,1.29,0.4,-0.4
000,115,1.11,1.13,1.07,0.37,-0.39
000,116,1.09,1.17,1.13,0.41,-0.39
000,117,1.18,1.41,1.2,0.46,-0.4
000,118,1.18,1.32,1.26,0.5,-0.4
000,119,1.13,1.17,1.19,0.44,-0.4
000,120,1.13,1.16,1.17,0.42,-0.4
000,121,1.13,1.14,1.19,0.41,-0.39
000,122,1.13,0.99,1.19,0.39,-0.38
000,123,1.13,1.19,1.21,0.42,-0.4
000,124,1.07,1.04,1.18,0.4,-0.39
000,125,1.09,1.12,1.2,0.42,-0.4
000,126,1.1,1.12,1.22,0.43,-0.4
000,127,1.11,1.06,1.22,0.4,-0.4
000,128,1.09,0.83,1.21,0.38,-0.37
000,129,1.1,0.89,1.24,0.41,-0.38
000,130,1.14,0.96,1.28,0.42,-0.38
000,131,1.21,1.0,1.38,0.44,-0.38
000,132,1.2,1.01,1.36,0.43,-0.39
000,133,1.19,1.07,1.35,0.44,-0.39
000,134,1.14,0.93,1.32,0.45,-0.37
000,135,1.05,0.77,1.24,0.4,-0.36
000,136,1.02,0.79,1.21,0.41,-0.36
000,137,0.96,0.77,1.15,0.42,-0.36
000,138,0.99,0.85,1.18,0.42,-0.38
000,139,1.04,0.85,1.25,0.42,-0.38
000,140,1.03,0.86,1.25,0.43,-0.38
000,141,1.03,0.87,1.23,0.42,-0.38
000,142,1.03,0.89,1.23,0.43,-0.38
000,143,1.03,0.97,1.24,0.45,-0.39
000,144,0.94,0.88,1.15,0.44,-0.39
000,145,1.02,0.93,1.24,0.44,-0.39
000,146,1.04,1.01,1.25,0.45,-0.39
000,147,1.12,1.11,1.32,0.45,-0.4
000,148,1.16,1.34,1.34,0.46,-0.41
000,149,1.14,1.38,1.33,0.46,-0.41
000,150,1.13,1.22,1.29,0.43,-0.4
000,151,1.08,1.18,1.21,0.38,-0.4
000,152,1.04,1.26,1.21,0.4,-0.4
000,153,1.04,1.2,1.19,0.37,-0.4
000,154,1.04,1.1,1.15,0.35,-0.39
000,155,1.01,1.14,1.2,0.37,-0.4
000,156,1.01,1.19,1.23,0.39,-0.41
000,157,1.01,1.17,1.31,0.44,-0.42
000,158,1.08,1.19,1.35,0.43,-0.42
000,159,1.12,1.29,1.37,0.43,-0.42
000,160,1.12,1.34,1.36,0.41,-0.42
000,161,1.15,1.42,1.35,0.34,-0.42
000,162,1.15,1.2,1.34,0.35,-0.41
000,163,1.11,1.2,1.32,0.38,-0.41
000,164,1.12,1.14,1.34,0.39,-0.4
000,165,1.14,1.16,1.34,0.39,-0.4
000,166,1.23,1.25,1.38,0.4,-0.4
000,167,1.3,1.42,1.43,0.42,-0.41
000,168,1.37,1.85,1.49,0.42,-0.39
000,169,1.32,1.77,1.47,0.45,-0.41
000,170,1.32,1.61,1.47,0.45,-0.42
000,171,1.35,1.83,1.47,0.43,-0.41
000,172,1.36,1.81,1.48,0.43,-0.41
000,173,1.36,1.97,1.48,0.42,-0.4
000,174,1.35,1.96,1.46,0.41,-0.39
000,175,1.3,1.69,1.42,0.42,-0.41
000,176,1.29,1.55,1.39,0.41,-0.4
000,177,1.29,1.49,1.41,0.43,-0.4
000,178,1.23,1.25,1.37,0.4,-0.4
000,179,1.18,1.06,1.33,0.37,-0.38
000,180,1.16,1.03,1.31,0.36,-0.38
000,181,1.04,0.93,1.19,0.34,-0.37
000,182,1.06,1.08,1.24,0.37,-0.4
000,183,1.08,1.28,1.26,0.35,-0.42
000,184,1.09,1.4,1.29,0.37,-0.42
000,185,1.11,1.65,1.38,0.43,-0.43
000,186,1.29,1.83,1.5,0.43,-0.42
000,187,1.35,1.98,1.58,0.39,-0.4
000,188,1.35,1.97,1.63,0.42,-0.4
000,189,1.31,1.63,1.54,0.36,-0.4
000,190,1.29,1.54,1.45,0.34,-0.39
000,191,1.3,1.64,1.44,0.34,-0.39
000,192,1.35,1.69,1.44,0.35,-0.39
000,193,1.34,1.7,1.43,0.41,-0.39
000,194,1.44,1.9,1.53,0.4,-0.37
000,195,1.53,2.24,1.65,0.39,-0.34
000,196,1.47,2.1,1.54,0.36,-0.37
000,197,1.41,1.74,1.4,0.35,-0.38
000,198,1.39,1.75,1.01,0.31,-0.37
000,199,1.3,1.57,1.29,0.35,-0.39
000,200,1.17,1.48,1.22,0.35,-0.4
000,201,1.25,1.62,1.24,0.34,-0.39
000,202,1.28,1.9,1.41,0.38,-0.39
000,203,1.37,1.69,1.38,0.36,-0.38
000,204,1.37,1.86,1.5,0.38,-0.38
001,1,1.39,2.52,2.37,0.48,-0.45
001,2,1.77,2.6,2.5,0.45,-0.47
001,3,1.69,2.39,2.4,0.36,-0.46
001,4,1.33,1.91,2.1,0.32,-0.44
001,5,1.07,1.47,1.7,0.23,-0.41
001,6,0.99,1.23,1.34,0.2,-0.38
001,7,1.09,1.04,1.18,0.18,-0.36
001,8,1.02,0.89,1.09,0.17,-0.33
001,9,1.15,0.91,1.08,0.17,-0.33
001,10,1.03,0.85,0.83,0.12,-0.33
001,11,1.07,0.76,0.74,0.13,-0.32
001,12,1.1,0.69,0.72,0.13,-0.31
001,13,1.07,0.73,0.68,0.11,-0.32
001,14,1.18,0.86,0.72,0.15,-0.33
001,15,1.17,1.05,0.73,0.18,-0.33
001,16,1.28,1.09,0.8,0.21,-0.34
001,17,1.23,1.22,0.92,0.25,-0.35
001,18,1.14,1.28,1.05,0.27,-0.36
001,19,1.01,1.34,1.28,0.21,-0.39
001,20,1.0,1.55,1.55,0.25,-0.41
001,21,1.05,1.85,1.9,0.32,-0.44
001,22,1.03,2.11,2.28,0.37,-0.46
001,23,1.24,2.46,2.66,0.42,-0.48
001,24,1.29,2.62,2.65,0.49,-0.47
001,25,1.46,2.68,2.67,0.48,-0.47
001,26,1.52,2.75,2.76,0.51,-0.48
001,27,1.77,2.73,2.65,0.48,-0.47
001,28,1.56,2.69,2.5,0.41,-0.46
001,29,1.63,2.47,2.33,0.36,-0.45
001,30,1.33,1.81,2.05,0.3,-0.44
001,31,0.96,1.4,1.47,0.24,-0.41
001,32,1.05,1.19,1.34,0.18,-0.38
001,33,1.09,1.06,1.2,0.18,-0.37
001,34,1.12,0.78,1.06,0.13,-0.32
001,35,0.96,0.74,0.9,0.15,-0.32
001,36,1.03,0.76,0.86,0.12,-0.31
001,37,1.04,0.68,0.79,0.09,-0.3
001,38,1.06,0.67,0.79,0.09,-0.28
001,39,1.04,0.67,0.75,0.11,-0.28
001,40,1.17,0.72,0.79,0.16,-0.29
001,41,1.17,0.79,0.8,0.2,-0.31
001,42,0.96,0.95,0.77,0.23,-0.32
001,43,0.96,1.08,0.91,0.24,-0.34
001,44,0.96,1.18,1.04,0.24,-0.36
001,45,0.99,1.36,1.26,0.26,-0.39
001,46,0.91,1.57,1.52,0.32,-0.42
001,47,1.06,1.74,1.95,0.34,-0.44
001,48,1.2,2.14,2.41,0.42,-0.46
001,49,1.24,2.45,2.68,0.5,-0.47
001,50,1.29,2.46,2.86,0.53,-0.47
001,51,1.32,2.57,2.85,0.49,-0.48
001,52,1.47,2.75,2.82,0.5,-0.48
001,53,1.52,2.67,2.66,0.48,-0.47
001,54,1.57,2.55,2.49,0.43,-0.46
001,55,1.45,2.27,2.21,0.38,-0.45
001,56,1.18,1.72,2.06,0.25,-0.43
001,57,1.18,1.43,1.81,0.18,-0.4
001,58,0.98,1.21,1.37,0.19,-0.38
001,59,1.09,1.02,1.19,0.17,-0.36
001,60,1.0,0.85,1.05,0.12,-0.34
001,61,1.06,0.77,0.95,0.08,-0.3
001,62,1.09,0.7,0.85,0.08,-0.3
001,63,1.03,0.65,0.77,0.08,-0.28
001,64,1.06,0.7,0.73,0.08,-0.28
001,65,1.08,0.72,0.74,0.1,-0.28
001,66,1.21,0.74,0.8,0.1,-0.3
001,67,1.25,0.82,0.81,0.21,-0.32
001,68,1.04,0.86,0.77,0.24,-0.33
001,69,0.98,1.17,0.86,0.28,-0.34
001,70,1.03,1.26,0.97,0.26,-0.36
001,71,1.0,1.41,1.12,0.2,-0.38
001,72,1.04,1.45,1.46,0.22,-0.4
001,73,0.94,1.79,1.87,0.35,-0.44
001,74,1.05,1.89,2.23,0.45,-0.44
001,75,1.15,2.29,2.63,0.49,-0.46
001,76,1.25,2.51,2.72,0.51,-0.47
001,77,1.36,2.55,2.8,0.56,-0.47
001,78,1.38,2.66,2.72,0.54,-0.47
001,79,1.44,2.7,2.47,0.53,-0.47
001,80,1.6,2.77,2.55,0.49,-0.48
001,81,1.54,2.57,2.68,0.44,-0.47
001,82,1.45,2.2,2.35,0.38,-0.46
001,83,1.33,1.81,1.99,0.28,-0.44
001,84,1.19,1.43,1.72,0.21,-0.41
001,85,1.04,1.0,1.24,0.19,-0.36
001,86,1.1,0.82,1.12,0.19,-0.33
001,87,0.97,0.67,0.96,0.13,-0.3
001,88,1.0,0.63,0.87,0.07,-0.28
001,89,1.02,0.64,0.77,0.08,-0.29
001,90,1.06,0.63,0.75,0.08,-0.29
001,91,1.06,0.59,0.67,0.12,-0.29
001,92,1.11,0.66,0.71,0.1,-0.29
001,93,1.11,0.71,0.73,0.12,-0.31
001,94,1.19,0.88,0.78,0.22,-0.33
001,95,1.19,0.91,0.79,0.23,-0.34
001,96,1.0,0.96,0.83,0.25,-0.35
001,97,0.99,1.16,1.01,0.24,-0.35
001,98,0.97,1.3,1.19,0.27,-0.39
001,99,1.0,1.47,1.55,0.24,-0.41
001,100,1.06,1.66,1.93,0.32,-0.43
001,101,1.1,1.94,2.23,0.4,-0.45
001,102,1.21,2.19,2.62,0.46,-0.47
001,103,1.18,2.44,2.69,0.51,-0.47
001,104,1.35,2.45,2.79,0.54,-0.47
001,105,1.36,2.57,2.59,0.51,-0.48
001,106,1.43,2.54,2.63,0.51,-0.48
001,107,1.57,2.59,2.5,0.49,-0.47
001,108,1.54,2.64,2.42,0.42,-0.46
001,109,1.34,2.04,2.18,0.34,-0.44
001,110,1.21,1.52,1.88,0.23,-0.41
001,111,1.03,1.26,1.53,0.23,-0.39
001,112,1.1,1.04,1.26,0.2,-0.37
001,113,0.84,0.79,0.94,0.21,-0.34
001,114,0.78,0.69,0.81,0.15,-0.31
001,115,0.93,0.73,0.8,0.13,-0.32
001,116,1.04,0.63,0.76,0.2,-0.31
001,117,0.97,0.55,0.66,0.08,-0.29
001,118,0.97,0.64,0.65,0.07,-0.29
001,119,0.99,0.67,0.66,0.04,-0.3
001,120,1.03,0.81,0.68,0.16,-0.33
001,121,1.06,0.84,0.73,0.2,-0.34
001,122,0.89,0.9,0.8,0.27,-0.33
001,123,1.0,1.1,0.94,0.28,-0.34
001,124,1.04,1.13,1.12,0.22,-0.36
001,125,0.94,1.29,1.38,0.2,-0.38
001,126,1.03,1.57,1.73,0.29,-0.4
001,127,1.22,1.76,2.07,0.35,-0.43
001,128,1.13,2.05,2.39,0.37,-0.45
001,129,1.38,2.34,2.79,0.45,-0.46
001,130,1.24,2.39,2.93,0.49,-0.46
001,131,1.42,2.52,2.63,0.57,-0.47
001,132,1.45,2.58,2.38,0.56,-0.46
001,133,1.52,2.47,2.54,0.51,-0.46
001,134,1.54,2.72,2.66,0.46,-0.48
001,135,1.52,2.57,2.69,0.41,-0.47
002,1,0.31,1.15,0.94,0.37,-0.28
002,2,0.32,0.74,0.55,0.39,-0.32
002,3,0.32,0.7,0.52,0.37,-0.33
002,4,0.34,0.74,0.57,0.36,-0.32
002,5,0.35,0.85,0.64,0.37,-0.33
002,6,0.33,0.86,0.65,0.37,-0.32
002,7,0.33,0.86,0.65,0.37,-0.31
002,8,0.33,0.88,0.66,0.37,-0.32
002,9,0.33,0.89,0.67,0.38,-0.32
002,10,0.34,0.91,0.68,0.38,-0.32
002,11,0.33,0.96,0.71,0.39,-0.32
002,12,0.33,0.98,0.72,0.4,-0.32
002,13,0.33,1.01,0.75,0.4,-0.32
002,14,0.33,1.09,0.82,0.4,-0.32
002,15,0.33,1.23,0.92,0.41,-0.33
002,16,0.83,1.43,1.36,0.11,-0.35
002,17,0.99,1.39,1.32,0.26,-0.47
002,18,0.91,1.43,1.39,0.34,-0.51
002,19,0.91,1.29,1.43,0.35,-0.48
002,20,0.88,1.22,1.48,0.32,-0.46
002,21,0.8,1.23,1.42,0.33,-0.43
002,22,0.64,1.17,1.23,0.31,-0.41
002,23,0.48,1.39,1.24,0.27,-0.42
002,24,0.48,1.13,1.17,0.27,-0.37
002,25,0.33,1.17,1.28,0.18,-0.3
002,26,0.26,1.27,1.34,0.21,-0.29
002,27,0.39,1.04,1.36,0.18,-0.27
002,28,0.35,1.04,1.31,0.28,-0.29
002,29,0.35,1.12,1.37,0.41,-0.34
002,30,0.46,1.15,1.71,0.54,-0.39
002,31,0.57,1.07,2.03,0.58,-0.32
002,32,0.52,1.54,2.28,0.48,-0.31
002,33,0.56,1.36,2.16,0.52,-0.33
002,34,0.57,1.36,2.18,0.49,-0.32
002,35,0.74,1.24,2.29,0.5,-0.33
002,36,0.85,1.7,2.42,0.78,-0.52
002,37,0.71,1.52,2.31,0.65,-0.42
002,38,0.69,1.26,2.15,0.55,-0.37
002,39,0.79,1.41,2.26,0.67,-0.44
002,40,0.76,1.36,2.3,0.69,-0.42
002,41,0.63,1.33,2.31,0.54,-0.35
002,42,1.4,1.99,1.75,-0.06,0.16
002,43,1.15,1.59,1.9,-0.0,0.08
002,44,1.28,2.21,1.59,-0.02,0.1
002,45,0.91,1.98,2.05,-0.11,-0.09
002,46,0.79,2.02,2.27,0.19,-0.25
002,47,0.53,1.6,2.28,0.2,-0.25
002,48,0.68,1.16,2.17,-0.02,-0.19
002,49,0.84,1.42,2.66,-0.06,-0.2
002,50,0.83,1.28,2.53,0.0,-0.2
002,51,0.77,1.13,2.55,0.03,-0.18
002,52,0.62,1.15,2.49,0.05,-0.17
002,53,0.61,1.24,2.54,0.05,-0.17
002,54,0.58,1.4,2.58,0.09,-0.19
002,55,0.68,2.08,2.56,0.17,-0.22
002,56,0.85,2.3,2.45,0.2,-0.25
002,57,0.81,2.46,2.53,0.21,-0.26
002,58,0.89,2.56,2.55,0.3,-0.29
002,59,0.85,2.68,2.55,0.29,-0.31
002,60,0.56,2.77,1.84,0.41,-0.37
002,61,0.57,2.56,1.42,0.38,-0.39
002,62,0.47,2.56,1.66,0.35,-0.37
002,63,0.48,1.77,1.1,0.36,-0.34
002,64,0.54,1.75,1.07,0.34,-0.34
002,65,0.51,1.52,0.9,0.42,-0.33
002,66,0.48,1.58,0.88,0.37,-0.34
002,67,0.44,1.46,0.7,0.4,-0.35
002,68,0.43,1.64,0.72,0.37,-0.38
002,69,0.36,1.53,0.66,0.4,-0.37
002,70,0.39,1.38,0.74,0.4,-0.35
002,71,0.74,2.36,2.07,0.51,-0.43
002,72,0.84,2.16,2.32,0.59,-0.43
002,73,2.05,2.27,2.67,0.65,-0.44
002,74,2.36,2.24,2.64,0.58,-0.42
002,75,1.84,1.55,2.72,0.5,-0.37
002,76,0.67,2.38,2.5,0.49,-0.37
002,77,0.67,2.48,2.66,0.47,-0.38
002,78,0.57,1.79,2.15,0.43,-0.32
002,79,0.65,1.64,2.21,0.42,-0.3
002,80,0.64,1.6,2.14,0.41,-0.3
002,81,0.49,1.61,2.11,0.4,-0.27
002,82,0.43,1.83,2.16,0.43,-0.28
002,83,0.44,1.99,2.19,0.51,-0.29
002,84,0.43,2.06,2.19,0.51,-0.31
002,85,0.46,2.06,2.19,0.52,-0.32
002,86,0.47,2.04,2.24,0.49,-0.32
002,87,0.47,2.0,2.24,0.53,-0.32
002,88,0.45,1.94,2.25,0.5,-0.32
002,89,0.45,1.94,2.25,0.47,-0.31
002,90,0.46,1.97,2.18,0.51,-0.32
002,91,0.47,2.09,2.16,0.52,-0.33
002,92,0.46,2.08,2.14,0.51,-0.33
002,93,0.46,2.02,2.14,0.53,-0.32
002,94,0.48,1.85,2.11,0.5,-0.32
002,95,0.48,1.67,2.05,0.48,-0.31
002,96,0.48,1.65,2.07,0.48,-0.31
002,97,0.49,1.72,2.16,0.47,-0.31
002,98,0.5,1.74,2.19,0.47,-0.31
002,99,0.52,1.76,2.2,0.47,-0.31
002,100,0.53,1.77,2.23,0.48,-0.31
002,101,0.53,1.82,2.2,0.48,-0.32
002,102,0.73,1.69,2.09,0.43,-0.34
002,103,0.6,1.86,2.16,0.38,-0.33
002,104,0.57,2.21,2.14,0.46,-0.37
002,105,0.58,1.94,2.14,0.46,-0.34
002,106,0.57,1.72,2.18,0.45,-0.34
002,107,0.54,1.74,2.18,0.46,-0.34
002,108,0.54,1.95,2.17,0.48,-0.35
002,109,0.52,1.95,2.18,0.46,-0.34
002,110,0.52,2.08,2.19,0.45,-0.34
002,111,0.49,2.03,2.12,0.46,-0.34
002,112,0.51,2.03,2.07,0.51,-0.37
002,113,0.5,2.03,2.0,0.52,-0.38
002,114,0.48,1.95,1.95,0.51,-0.36
002,115,0.47,1.87,1.84,0.51,-0.37
002,116,0.47,1.88,1.81,0.51,-0.37
002,117,0.44,1.85,1.74,0.53,-0.36
002,118,0.44,1.71,1.6,0.52,-0.36
002,119,0.42,1.69,1.56,0.53,-0.35
002,120,0.43,1.64,1.54,0.49,-0.33
002,121,0.43,1.61,1.52,0.48,-0.33
002,122,0.41,1.63,1.51,0.48,-0.32
002,123,0.42,1.58,1.47,0.47,-0.32
002,124,0.43,1.49,1.4,0.46,-0.32
002,125,0.42,1.41,1.34,0.43,-0.31
002,126,0.41,1.47,1.37,0.43,-0.31
002,127,0.4,1.42,1.32,0.4,-0.3
002,128,0.38,1.38,1.26,0.42,-0.3
002,129,0.38,1.3,1.21,0.42,-0.29
002,130,0.4,1.14,1.07,0.4,-0.29
002,131,0.4,1.01,0.96,0.4,-0.29
002,132,0.4,1.05,0.97,0.39,-0.29
002,133,0.41,1.05,0.96,0.36,-0.29
002,134,0.41,1.01,0.94,0.35,-0.29
002,135,0.43,0.88,0.84,0.34,-0.29
002,136,0.44,0.84,0.82,0.34,-0.3
002,137,0.45,0.87,0.84,0.31,-0.3
002,138,0.46,0.91,0.85,0.31,-0.31
002,139,0.47,0.9,0.84,0.32,-0.31
002,140,0.43,1.07,0.71,0.45,-0.38
002,141,0.4,0.94,0.6,0.44,-0.37
002,142,0.39,0.84,0.56,0.43,-0.36
002,143,0.38,0.83,0.55,0.44,-0.36
002,144,0.36,0.81,0.53,0.43,-0.36
002,145,0.39,0.82,0.53,0.42,-0.37
002,146,0.37,0.81,0.51,0.45,-0.37
002,147,0.37,0.84,0.52,0.46,-0.38
002,148,0.36,0.84,0.52,0.44,-0.37
002,149,0.36,0.84,0.53,0.44,-0.37
002,150,0.37,0.86,0.52,0.44,-0.37
002,151,0.37,0.92,0.55,0.42,-0.39
002,152,0.38,0.96,0.56,0.42,-0.39
002,153,0.44,1.01,0.61,0.35,-0.4
002,154,0.45,1.03,0.64,0.33,-0.4
002,155,0.45,1.04,0.65,0.32,-0.4
002,156,0.45,1.05,0.65,0.31,-0.4
002,157,0.39,1.0,0.6,0.36,-0.4
002,158,0.37,0.97,0.58,0.42,-0.4
002,159,0.37,0.94,0.56,0.42,-0.39
002,160,0.37,0.94,0.57,0.43,-0.39
002,161,0.37,0.96,0.57,0.42,-0.4
002,162,0.36,0.95,0.57,0.43,-0.39
002,163,0.36,0.95,0.57,0.43,-0.39
002,164,0.35,0.92,0.57,0.43,-0.38
002,165,0.35,0.91,0.57,0.43,-0.38
002,166,0.35,0.91,0.56,0.44,-0.38
002,167,0.34,0.76,0.49,0.35,-0.3
002,168,0.33,0.78,0.53,0.34,-0.3
002,169,0.43,0.87,0.65,0.28,-0.31
002,170,0.45,1.2,0.9,0.29,-0.31
002,171,0.4,1.4,1.03,0.28,-0.29
002,172,0.37,1.21,0.91,0.28,-0.26
002,173,0.32,0.97,0.74,0.36,-0.25
002,174,0.31,0.94,0.73,0.39,-0.25
002,175,0.32,1.01,0.76,0.39,-0.26
002,176,0.34,1.0,0.73,0.38,-0.27
002,177,0.35,0.84,0.57,0.42,-0.28
002,178,0.43,1.01,0.64,0.4,-0.32
002,179,0.53,1.27,0.85,0.41,-0.34
002,180,0.53,1.46,0.9,0.39,-0.34
002,181,0.26,0.83,0.53,0.38,-0.27
002,182,0.26,0.75,0.48,0.39,-0.27
002,183,0.27,0.76,0.52,0.36,-0.27
002,184,0.27,0.73,0.53,0.36,-0.26
002,185,0.27,0.76,0.55,0.37,-0.27
002,186,0.27,0.78,0.56,0.37,-0.27
002,187,0.27,0.79,0.57,0.37,-0.27
002,188,0.27,0.78,0.56,0.37,-0.27
002,189,0.27,0.77,0.55,0.37,-0.27
002,190,0.27,0.78,0.55,0.37,-0.27
002,191,0.27,0.84,0.6,0.37,-0.27
002,192,0.27,0.9,0.63,0.38,-0.27
002,193,0.3,0.97,0.65,0.4,-0.29
002,194,0.29,0.96,0.66,0.42,-0.29
002,195,0.28,1.0,0.67,0.44,-0.29
002,196,0.28,1.15,0.75,0.46,-0.31
002,197,0.29,1.39,0.98,0.47,-0.3
002,198,0.3,1.4,0.99,0.47,-0.31
002,199,0.31,1.46,1.01,0.51,-0.34
002,200,0.31,1.57,1.23,0.46,-0.31
002,201,0.31,1.76,1.44,0.44,-0.3
002,202,0.32,1.88,1.6,0.44,-0.3
002,203,0.35,1.99,1.78,0.41,-0.29
002,204,0.35,2.21,1.86,0.42,-0.29
002,205,0.36,2.28,1.92,0.43,-0.29
002,206,0.35,2.41,1.95,0.44,-0.29
002,207,0.38,2.45,2.22,0.45,-0.29
002,208,0.39,2.62,2.39,0.47,-0.31
002,209,0.4,2.59,2.43,0.52,-0.32
002,210,0.42,2.61,2.5,0.51,-0.31
002,211,0.46,2.62,2.69,0.51,-0.34
002,212,0.48,2.5,2.7,0.47,-0.32
002,213,0.5,2.58,2.59,0.45,-0.33
002,214,0.46,2.69,2.51,0.47,-0.32
002,215,0.48,2.71,2.55,0.46,-0.32
002,216,0.46,2.67,2.52,0.48,-0.32
002,217,0.46,2.61,2.48,0.48,-0.32
002,218,0.44,2.5,2.49,0.47,-0.31
002,219,0.44,2.62,2.44,0.48,-0.31
002,220,0.44,2.63,2.45,0.47,-0.32
002,221,0.69,2.22,2.2,0.37,-0.34
002,222,0.51,1.69,1.54,0.39,-0.29
002,223,0.47,1.52,1.33,0.41,-0.29
002,224,0.48,1.55,1.34,0.41,-0.29
002,225,0.48,1.29,0.98,0.4,-0.29
002,226,0.47,1.32,0.87,0.4,-0.28
002,227,0.5,1.04,0.65,0.37,-0.3
002,228,0.51,0.83,0.57,0.38,-0.3
002,229,0.51,0.86,0.52,0.37,-0.3
002,230,0.55,0.99,0.54,0.39,-0.33
002,231,0.53,0.96,0.48,0.39,-0.32
002,232,0.49,0.98,0.45,0.37,-0.32
002,233,0.45,0.87,0.4,0.36,-0.3
002,234,0.46,0.89,0.4,0.36,-0.31
002,235,0.46,0.88,0.42,0.35,-0.31
002,236,0.47,0.92,0.42,0.34,-0.31
002,237,0.48,0.92,0.43,0.35,-0.31
002,238,0.49,0.88,0.42,0.33,-0.31
002,239,0.49,0.89,0.42,0.35,-0.3
002,240,0.48,0.9,0.42,0.31,-0.31
002,241,0.49,0.89,0.42,0.34,-0.32
002,242,0.46,0.87,0.41,0.35,-0.31
002,243,0.43,0.92,0.4,0.39,-0.32
002,244,0.57,1.11,0.57,0.39,-0.35
002,245,0.57,1.13,0.61,0.4,-0.36
002,246,0.66,1.16,0.79,0.39,-0.36
002,247,0.6,1.11,0.73,0.4,-0.34
002,248,0.59,1.11,0.73,0.43,-0.34
002,249,0.65,1.03,0.89,0.44,-0.33
002,250,0.6,1.24,0.95,0.46,-0.34
002,251,0.57,1.62,1.34,0.39,-0.3
002,252,0.56,2.06,1.94,0.34,-0.27
002,253,0.57,2.06,1.95,0.35,-0.27
002,254,0.59,2.49,2.34,0.35,-0.27
002,255,0.68,2.64,2.49,0.38,-0.29
002,256,0.84,2.75,2.47,0.41,-0.31
002,257,0.92,2.89,2.44,0.4,-0.32
002,258,0.92,2.79,2.42,0.38,-0.31
002,259,0.92,2.9,2.26,0.36,-0.31
002,260,0.89,2.93,2.3,0.36,-0.31
002,261,0.96,3.03,2.2,0.36,-0.32
002,262,0.95,3.01,2.18,0.36,-0.31
